{"A":{"aaa":-0.264438,"bbb":0.927272,"ccc":-0.264273,"ddd":-0.871858},"B":{"aaa":-1.026059,"bbb":0.302904,"ccc":-0.386314,"ddd":-0.348382},"C":{"aaa":-0.6195,"bbb":-0.032399,"ccc":-0.217601,"ddd":1.100491}}